views,rows,page_path,full_url
0,3,"//www.pureformen.com/cdn/shop/products/hqdefault_fe01c5e4-78ae-44c3-9657-2cb590ea71c9_1800x1800.jpg","https://www.pureformen.in//www.pureformen.com/cdn/shop/products/hqdefault_fe01c5e4-78ae-44c3-9657-2cb590ea71c9_1800x1800.jpg"
0,1,"/collections/30-off-gifts/products/stay-ready-bar","https://www.pureformen.in/collections/30-off-gifts/products/stay-ready-bar"
0,1,"/collections/40-off-gifts/products/lube-water-based","https://www.pureformen.in/collections/40-off-gifts/products/lube-water-based"
0,1,"/collections/all-products/products/gift-cards","https://www.pureformen.in/collections/all-products/products/gift-cards"
0,1,"/collections/all-products/products/lube-coconut-based","https://www.pureformen.in/collections/all-products/products/lube-coconut-based"
0,1,"/collections/all-products/products/new-you-bundle-copy","https://www.pureformen.in/collections/all-products/products/new-you-bundle-copy"
0,1,"/collections/all-products/products/pure-for-men-gift-card","https://www.pureformen.in/collections/all-products/products/pure-for-men-gift-card"
0,1,"/collections/all-products/products/travel-bag","https://www.pureformen.in/collections/all-products/products/travel-bag"
0,1,"/collections/back-in-stock/products/bum-bulb","https://www.pureformen.in/collections/back-in-stock/products/bum-bulb"
0,1,"/collections/black-friday-bogo-50/products/bidet","https://www.pureformen.in/collections/black-friday-bogo-50/products/bidet"
0,1,"/collections/black-friday-bogo-50/products/bum-balm","https://www.pureformen.in/collections/black-friday-bogo-50/products/bum-balm"
0,1,"/collections/black-friday-bogo-50/products/lube-silicone-based","https://www.pureformen.in/collections/black-friday-bogo-50/products/lube-silicone-based"
0,1,"/collections/black-friday-bogo-50/products/lube-water-based","https://www.pureformen.in/collections/black-friday-bogo-50/products/lube-water-based"
0,1,"/collections/black-friday-bogo-50/products/reset","https://www.pureformen.in/collections/black-friday-bogo-50/products/reset"
0,1,"/collections/black-friday-bogo-50/products/stay-ready-scrub-2","https://www.pureformen.in/collections/black-friday-bogo-50/products/stay-ready-scrub-2"
0,1,"/collections/body-washes/products/eucalyptus-body-wash","https://www.pureformen.in/collections/body-washes/products/eucalyptus-body-wash"
0,1,"/collections/gifts-under-30/products/files/B07CYNYLPB_PT04.jpg","https://www.pureformen.in/collections/gifts-under-30/products/files/B07CYNYLPB_PT04.jpg"
0,1,"/collections/gifts-under-30/products/stay-ready-fiber-capsules","https://www.pureformen.in/collections/gifts-under-30/products/stay-ready-fiber-capsules"
0,2,"/collections/lube-1/products/lube-coconut-based","https://www.pureformen.in/collections/lube-1/products/lube-coconut-based"
0,1,"/collections/product-catalog/products/bum-balm","https://www.pureformen.in/collections/product-catalog/products/bum-balm"
0,1,"/collections/product-catalog/products/stay-ready-fiber-capsules-2","https://www.pureformen.in/collections/product-catalog/products/stay-ready-fiber-capsules-2"
0,20,"/collections/pure-for-men/products/pure-for-men-60-capsulas","https://www.pureformen.in/collections/pure-for-men/products/pure-for-men-60-capsulas"
0,1,"/collections/subscription-products/products/lube-silicone-based","https://www.pureformen.in/collections/subscription-products/products/lube-silicone-based"
0,3,"/collections/subscription-products/products/stay-pumped","https://www.pureformen.in/collections/subscription-products/products/stay-pumped"
0,2,"/collections/subscription-products/products/stay-ready-scrub-2","https://www.pureformen.in/collections/subscription-products/products/stay-ready-scrub-2"
0,2,"/en-ae/collections/all-products/products/stay-ready-fiber-capsules-europe","https://www.pureformen.in/en-ae/collections/all-products/products/stay-ready-fiber-capsules-europe"
0,1,"/en-ae/products/bundle-top-products","https://www.pureformen.in/en-ae/products/bundle-top-products"
0,1,"/en-ae/products/new-you-bundle","https://www.pureformen.in/en-ae/products/new-you-bundle"
0,1,"/en-be/collections/all-products/products/ready-rings","https://www.pureformen.in/en-be/collections/all-products/products/ready-rings"
0,1,"/en-be/collections/subscription-products/products/stay-ready-fiber-xl","https://www.pureformen.in/en-be/collections/subscription-products/products/stay-ready-fiber-xl"
0,2,"/en-be/collections/supplements/products/stay-ready-fiber-capsules","https://www.pureformen.in/en-be/collections/supplements/products/stay-ready-fiber-capsules"
0,1,"/en-be/products/bidet","https://www.pureformen.in/en-be/products/bidet"
0,3,"/en-be/products/bum-bulb","https://www.pureformen.in/en-be/products/bum-bulb"
0,1,"/en-be/products/bundle-top-products","https://www.pureformen.in/en-be/products/bundle-top-products"
0,1,"/en-be/products/healthy-you-bundle","https://www.pureformen.in/en-be/products/healthy-you-bundle"
0,1,"/en-be/products/lube-coconut-based","https://www.pureformen.in/en-be/products/lube-coconut-based"
0,2,"/en-be/products/lube-silicone-based","https://www.pureformen.in/en-be/products/lube-silicone-based"
0,1,"/en-be/products/lube-water-based","https://www.pureformen.in/en-be/products/lube-water-based"
0,4,"/en-be/products/new-you-bundle","https://www.pureformen.in/en-be/products/new-you-bundle"
0,1,"/en-be/products/pure-for-her","https://www.pureformen.in/en-be/products/pure-for-her"
0,2,"/en-be/products/stay-ready-bar","https://www.pureformen.in/en-be/products/stay-ready-bar"
0,1,"/en-be/products/stay-ready-fiber-capsules","https://www.pureformen.in/en-be/products/stay-ready-fiber-capsules"
0,2,"/en-be/products/stay-ready-fiber-powder","https://www.pureformen.in/en-be/products/stay-ready-fiber-powder"
0,2,"/en-be/products/stay-ready-multivitamin","https://www.pureformen.in/en-be/products/stay-ready-multivitamin"
0,1,"/en-be/products/vitamin-c-serum","https://www.pureformen.in/en-be/products/vitamin-c-serum"
0,1,"/en-ca/collections/20-off-gifts/products/pure-for-her","https://www.pureformen.in/en-ca/collections/20-off-gifts/products/pure-for-her"
0,1,"/en-ca/collections/20-off-gifts/products/stay-ready-fiber-xl","https://www.pureformen.in/en-ca/collections/20-off-gifts/products/stay-ready-fiber-xl"
0,2,"/en-ca/collections/30-off-gifts/products/bidet","https://www.pureformen.in/en-ca/collections/30-off-gifts/products/bidet"
0,1,"/en-ca/collections/30-off-gifts/products/bum-bulb","https://www.pureformen.in/en-ca/collections/30-off-gifts/products/bum-bulb"
0,1,"/en-ca/collections/30-off-gifts/products/stay-ready-bar","https://www.pureformen.in/en-ca/collections/30-off-gifts/products/stay-ready-bar"
0,1,"/en-ca/collections/30-off-gifts/products/stay-ready-scrub-2","https://www.pureformen.in/en-ca/collections/30-off-gifts/products/stay-ready-scrub-2"
0,1,"/en-ca/collections/30-off-gifts/products/stay-ready-wipes","https://www.pureformen.in/en-ca/collections/30-off-gifts/products/stay-ready-wipes"
0,1,"/en-ca/collections/all-products/products/enamel-pin","https://www.pureformen.in/en-ca/collections/all-products/products/enamel-pin"
0,1,"/en-ca/collections/all-products/products/healthy-you-bundle","https://www.pureformen.in/en-ca/collections/all-products/products/healthy-you-bundle"
0,3,"/en-ca/collections/all-products/products/new-you-bundle","https://www.pureformen.in/en-ca/collections/all-products/products/new-you-bundle"
0,1,"/en-ca/collections/body/products/stay-ready-bar","https://www.pureformen.in/en-ca/collections/body/products/stay-ready-bar"
0,1,"/en-ca/collections/end-of-summer-sale-2026/products/bum-balm","https://www.pureformen.in/en-ca/collections/end-of-summer-sale-2026/products/bum-balm"
0,1,"/en-ca/collections/end-of-summer-sale-2026/products/stay-ready-multivitamin","https://www.pureformen.in/en-ca/collections/end-of-summer-sale-2026/products/stay-ready-multivitamin"
0,1,"/en-ca/collections/end-of-summer-sale-2026/products/stay-ready-scrub-2","https://www.pureformen.in/en-ca/collections/end-of-summer-sale-2026/products/stay-ready-scrub-2"
0,1,"/en-ca/collections/fiber-supplements/products/stay-ready-fiber-powder","https://www.pureformen.in/en-ca/collections/fiber-supplements/products/stay-ready-fiber-powder"
0,1,"/en-ca/collections/sales-and-discounts/products/bidet","https://www.pureformen.in/en-ca/collections/sales-and-discounts/products/bidet"
0,1,"/en-ca/collections/sales-and-discounts/products/stay-ready-fiber-capsules-pack","https://www.pureformen.in/en-ca/collections/sales-and-discounts/products/stay-ready-fiber-capsules-pack"
0,1,"/en-ca/collections/subscription-products/products/lube-silicone-based","https://www.pureformen.in/en-ca/collections/subscription-products/products/lube-silicone-based"
0,1,"/en-ca/collections/subscription-products/products/stay-ready-fiber-capsules-2","https://www.pureformen.in/en-ca/collections/subscription-products/products/stay-ready-fiber-capsules-2"
0,1,"/en-ca/collections/subscription-products/products/stay-ready-fiber-powder","https://www.pureformen.in/en-ca/collections/subscription-products/products/stay-ready-fiber-powder"
0,1,"/en-ca/collections/subscription-products/products/stay-ready-fiber-xl","https://www.pureformen.in/en-ca/collections/subscription-products/products/stay-ready-fiber-xl"
0,2,"/en-ca/collections/subscription-products/products/stay-ready-multivitamin","https://www.pureformen.in/en-ca/collections/subscription-products/products/stay-ready-multivitamin"
0,1,"/en-ca/collections/supplements/products/new-you-bundle","https://www.pureformen.in/en-ca/collections/supplements/products/new-you-bundle"
0,2,"/en-ca/collections/supplements/products/pure-for-her","https://www.pureformen.in/en-ca/collections/supplements/products/pure-for-her"
0,1,"/en-ca/collections/supplements/products/stay-ready-fiber-capsules-2","https://www.pureformen.in/en-ca/collections/supplements/products/stay-ready-fiber-capsules-2"
0,1,"/en-ca/collections/supplements/products/stay-ready-fiber-powder","https://www.pureformen.in/en-ca/collections/supplements/products/stay-ready-fiber-powder"
0,2,"/en-ca/collections/supplements/products/stay-ready-multivitamin","https://www.pureformen.in/en-ca/collections/supplements/products/stay-ready-multivitamin"
0,1,"/en-es/collections/all-products/products/stay-ready-fiber-capsules","https://www.pureformen.in/en-es/collections/all-products/products/stay-ready-fiber-capsules"
0,1,"/en-es/collections/all-products/products/stay-ready-fiber-xl","https://www.pureformen.in/en-es/collections/all-products/products/stay-ready-fiber-xl"
0,1,"/en-es/collections/supplements/products/reset-copy","https://www.pureformen.in/en-es/collections/supplements/products/reset-copy"
0,1,"/en-es/collections/supplements/products/stay-ready-fiber-xl","https://www.pureformen.in/en-es/collections/supplements/products/stay-ready-fiber-xl"
0,5,"/en-es/products/new-you-bundle","https://www.pureformen.in/en-es/products/new-you-bundle"
0,1,"/en-gb/collections/20-off-gifts/products/reset-copy","https://www.pureformen.in/en-gb/collections/20-off-gifts/products/reset-copy"
0,1,"/en-gb/collections/40-off-gifts/products/lube-water-based","https://www.pureformen.in/en-gb/collections/40-off-gifts/products/lube-water-based"
0,6,"/en-gb/collections/all-products/products/bum-bulb","https://www.pureformen.in/en-gb/collections/all-products/products/bum-bulb"
0,2,"/en-gb/collections/body/products/stay-ready-cream","https://www.pureformen.in/en-gb/collections/body/products/stay-ready-cream"
0,1,"/en-gb/collections/fiber-supplements/products/stay-ready-fiber-capsules","https://www.pureformen.in/en-gb/collections/fiber-supplements/products/stay-ready-fiber-capsules"
0,1,"/en-gb/collections/frontpage/products/new-pure-for-men-with-aloe","https://www.pureformen.in/en-gb/collections/frontpage/products/new-pure-for-men-with-aloe"
0,1,"/en-gb/collections/lube-1/products/lube-water-based","https://www.pureformen.in/en-gb/collections/lube-1/products/lube-water-based"
0,1,"/en-gb/collections/subscription-products/products/lube-water-based","https://www.pureformen.in/en-gb/collections/subscription-products/products/lube-water-based"
0,6,"/en-gb/collections/subscription-products/products/reset","https://www.pureformen.in/en-gb/collections/subscription-products/products/reset"
0,1,"/en-gb/collections/subscription-products/products/reset-copy","https://www.pureformen.in/en-gb/collections/subscription-products/products/reset-copy"
0,1,"/en-gb/collections/subscription-products/products/stay-ready-fiber-capsules-2","https://www.pureformen.in/en-gb/collections/subscription-products/products/stay-ready-fiber-capsules-2"
0,4,"/en-gb/collections/supplements/products/new-you-bundle-copy","https://www.pureformen.in/en-gb/collections/supplements/products/new-you-bundle-copy"
0,1,"/en-gb/collections/supplements/products/reset-copy","https://www.pureformen.in/en-gb/collections/supplements/products/reset-copy"
0,1,"/en-gb/collections/supplements/products/stay-ready-fiber-capsules","https://www.pureformen.in/en-gb/collections/supplements/products/stay-ready-fiber-capsules"
0,3,"/en-gb/collections/supplements/products/stay-ready-fibre-bundles","https://www.pureformen.in/en-gb/collections/supplements/products/stay-ready-fibre-bundles"
0,1,"/en-gb/products/bum-balm","https://www.pureformen.in/en-gb/products/bum-balm"
0,3,"/en-gb/products/ecocart","https://www.pureformen.in/en-gb/products/ecocart"
0,1,"/en-gb/products/stay-pumped","https://www.pureformen.in/en-gb/products/stay-pumped"
0,1,"/en-il/collections/all-products/products/stay-ready-fiber-capsules-2","https://www.pureformen.in/en-il/collections/all-products/products/stay-ready-fiber-capsules-2"
0,1,"/en-il/collections/all-products/products/stay-ready-fiber-xl","https://www.pureformen.in/en-il/collections/all-products/products/stay-ready-fiber-xl"
0,1,"/en-il/collections/supplements/products/stay-ready-fiber-capsules-europe","https://www.pureformen.in/en-il/collections/supplements/products/stay-ready-fiber-capsules-europe"
0,1,"/en-il/products/bidet","https://www.pureformen.in/en-il/products/bidet"
0,3,"/en-il/products/bum-bulb","https://www.pureformen.in/en-il/products/bum-bulb"
0,2,"/en-il/products/bundle-top-products","https://www.pureformen.in/en-il/products/bundle-top-products"
0,1,"/en-il/products/healthy-you-bundle","https://www.pureformen.in/en-il/products/healthy-you-bundle"
0,2,"/en-il/products/lube-coconut-based","https://www.pureformen.in/en-il/products/lube-coconut-based"
0,1,"/en-il/products/lube-water-based","https://www.pureformen.in/en-il/products/lube-water-based"
0,1,"/en-il/products/new-you-bundle","https://www.pureformen.in/en-il/products/new-you-bundle"
0,1,"/en-il/products/pure-for-her","https://www.pureformen.in/en-il/products/pure-for-her"
0,2,"/en-il/products/reset-copy","https://www.pureformen.in/en-il/products/reset-copy"
0,1,"/en-il/products/stay-ready-bar","https://www.pureformen.in/en-il/products/stay-ready-bar"
0,1,"/en-il/products/stay-ready-fiber-powder","https://www.pureformen.in/en-il/products/stay-ready-fiber-powder"
0,1,"/en-il/products/stay-ready-fibre-bundles","https://www.pureformen.in/en-il/products/stay-ready-fibre-bundles"
0,1,"/en-il/products/stay-ready-multivitamin","https://www.pureformen.in/en-il/products/stay-ready-multivitamin"
0,1,"/en-il/products/stay-ready-scrub-2","https://www.pureformen.in/en-il/products/stay-ready-scrub-2"
0,1,"/en-il/products/vitamin-c-serum","https://www.pureformen.in/en-il/products/vitamin-c-serum"
0,3,"/en-it/collections/subscription-products/products/reset-copy","https://www.pureformen.in/en-it/collections/subscription-products/products/reset-copy"
0,1,"/en-it/collections/subscription-products/products/stay-ready-fiber-capsules-2","https://www.pureformen.in/en-it/collections/subscription-products/products/stay-ready-fiber-capsules-2"
0,1,"/en-it/collections/supplements/products/reset-copy","https://www.pureformen.in/en-it/collections/supplements/products/reset-copy"
0,1,"/en-it/collections/supplements/products/stay-ready-fiber-xl","https://www.pureformen.in/en-it/collections/supplements/products/stay-ready-fiber-xl"
0,1,"/en-it/products/eucalyptus-body-wash","https://www.pureformen.in/en-it/products/eucalyptus-body-wash"
0,1,"/en-it/products/stay-ready-fiber-capsules","https://www.pureformen.in/en-it/products/stay-ready-fiber-capsules"
0,2,"/en-nl/collections/all-products/products/stay-ready-fiber-capsules-2","https://www.pureformen.in/en-nl/collections/all-products/products/stay-ready-fiber-capsules-2"
0,1,"/en-nl/collections/supplements/products/reset-copy","https://www.pureformen.in/en-nl/collections/supplements/products/reset-copy"
0,1,"/en-nl/collections/supplements/products/stay-ready-fiber-capsules-2","https://www.pureformen.in/en-nl/collections/supplements/products/stay-ready-fiber-capsules-2"
0,1,"/en-nl/products/ecocart","https://www.pureformen.in/en-nl/products/ecocart"
0,4,"/en-nl/products/new-you-bundle","https://www.pureformen.in/en-nl/products/new-you-bundle"
0,1,"/en-se/collections/subscription-products/products/reset-copy","https://www.pureformen.in/en-se/collections/subscription-products/products/reset-copy"
0,1,"/en-se/collections/subscription-products/products/stay-ready-fiber-capsules-2","https://www.pureformen.in/en-se/collections/subscription-products/products/stay-ready-fiber-capsules-2"
0,2,"/en-se/products/new-you-bundle","https://www.pureformen.in/en-se/products/new-you-bundle"
0,1,"/en-se/products/stay-ready-scrub-2","https://www.pureformen.in/en-se/products/stay-ready-scrub-2"
0,1,"/en-us/collections/sex/products/stay-ready-fiber-capsules","https://www.pureformen.in/en-us/collections/sex/products/stay-ready-fiber-capsules"
0,1,"/fr-ca/collections/20-off-gifts/products/bum-balm","https://www.pureformen.in/fr-ca/collections/20-off-gifts/products/bum-balm"
0,1,"/fr-ca/collections/20-off-gifts/products/pure-for-her","https://www.pureformen.in/fr-ca/collections/20-off-gifts/products/pure-for-her"
0,1,"/fr-ca/collections/20-off-gifts/products/reset","https://www.pureformen.in/fr-ca/collections/20-off-gifts/products/reset"
0,1,"/fr-ca/collections/20-off-gifts/products/stay-ready-fiber-powder","https://www.pureformen.in/fr-ca/collections/20-off-gifts/products/stay-ready-fiber-powder"
0,1,"/fr-ca/collections/30-off-gifts/products/bidet","https://www.pureformen.in/fr-ca/collections/30-off-gifts/products/bidet"
0,1,"/fr-ca/collections/30-off-gifts/products/bum-bulb","https://www.pureformen.in/fr-ca/collections/30-off-gifts/products/bum-bulb"
0,1,"/fr-ca/collections/30-off-gifts/products/stay-ready-bar","https://www.pureformen.in/fr-ca/collections/30-off-gifts/products/stay-ready-bar"
0,1,"/fr-ca/collections/30-off-gifts/products/stay-ready-scrub-2","https://www.pureformen.in/fr-ca/collections/30-off-gifts/products/stay-ready-scrub-2"
0,1,"/fr-ca/collections/30-off-gifts/products/stay-ready-wipes","https://www.pureformen.in/fr-ca/collections/30-off-gifts/products/stay-ready-wipes"
0,1,"/fr-ca/collections/40-off-gifts/products/lube-water-based","https://www.pureformen.in/fr-ca/collections/40-off-gifts/products/lube-water-based"
0,1,"/fr-ca/collections/all-products/products/bidet","https://www.pureformen.in/fr-ca/collections/all-products/products/bidet"
0,1,"/fr-ca/collections/all-products/products/bum-balm","https://www.pureformen.in/fr-ca/collections/all-products/products/bum-balm"
0,2,"/fr-ca/collections/all-products/products/bum-bulb","https://www.pureformen.in/fr-ca/collections/all-products/products/bum-bulb"
0,1,"/fr-ca/collections/all-products/products/gift-cards","https://www.pureformen.in/fr-ca/collections/all-products/products/gift-cards"
0,1,"/fr-ca/collections/all-products/products/healthy-you-bundle","https://www.pureformen.in/fr-ca/collections/all-products/products/healthy-you-bundle"
0,1,"/fr-ca/collections/all-products/products/lube-silicone-based","https://www.pureformen.in/fr-ca/collections/all-products/products/lube-silicone-based"
0,1,"/fr-ca/collections/all-products/products/lube-water-based","https://www.pureformen.in/fr-ca/collections/all-products/products/lube-water-based"
0,1,"/fr-ca/collections/all-products/products/new-you-bundle","https://www.pureformen.in/fr-ca/collections/all-products/products/new-you-bundle"
0,1,"/fr-ca/collections/all-products/products/pure-for-her","https://www.pureformen.in/fr-ca/collections/all-products/products/pure-for-her"
0,2,"/fr-ca/collections/all-products/products/reset","https://www.pureformen.in/fr-ca/collections/all-products/products/reset"
0,2,"/fr-ca/collections/all-products/products/stay-ready-fiber-capsules-pack","https://www.pureformen.in/fr-ca/collections/all-products/products/stay-ready-fiber-capsules-pack"
0,1,"/fr-ca/collections/all-products/products/stay-ready-fiber-powder","https://www.pureformen.in/fr-ca/collections/all-products/products/stay-ready-fiber-powder"
0,2,"/fr-ca/collections/all-products/products/stay-ready-multivitamin","https://www.pureformen.in/fr-ca/collections/all-products/products/stay-ready-multivitamin"
0,1,"/fr-ca/collections/all-products/products/stay-ready-scrub-2","https://www.pureformen.in/fr-ca/collections/all-products/products/stay-ready-scrub-2"
0,1,"/fr-ca/collections/better-bum-care/products/bidet","https://www.pureformen.in/fr-ca/collections/better-bum-care/products/bidet"
0,1,"/fr-ca/collections/better-bum-care/products/bum-balm","https://www.pureformen.in/fr-ca/collections/better-bum-care/products/bum-balm"
0,1,"/fr-ca/collections/better-bum-care/products/bum-bulb","https://www.pureformen.in/fr-ca/collections/better-bum-care/products/bum-bulb"
0,1,"/fr-ca/collections/better-bum-care/products/lube-silicone-based","https://www.pureformen.in/fr-ca/collections/better-bum-care/products/lube-silicone-based"
0,1,"/fr-ca/collections/better-bum-care/products/lube-water-based","https://www.pureformen.in/fr-ca/collections/better-bum-care/products/lube-water-based"
0,1,"/fr-ca/collections/better-bum-care/products/stay-ready-fiber-capsules","https://www.pureformen.in/fr-ca/collections/better-bum-care/products/stay-ready-fiber-capsules"
0,1,"/fr-ca/collections/body/products/stay-ready-bar","https://www.pureformen.in/fr-ca/collections/body/products/stay-ready-bar"
0,1,"/fr-ca/collections/body/products/stay-ready-wipes","https://www.pureformen.in/fr-ca/collections/body/products/stay-ready-wipes"
0,1,"/fr-ca/collections/free-gift-with-subscription/products/stay-ready-fiber-capsules-pack","https://www.pureformen.in/fr-ca/collections/free-gift-with-subscription/products/stay-ready-fiber-capsules-pack"
0,1,"/fr-ca/collections/free-gift-with-subscription/products/stay-ready-fiber-powder","https://www.pureformen.in/fr-ca/collections/free-gift-with-subscription/products/stay-ready-fiber-powder"
0,1,"/fr-ca/collections/free-gift-with-subscription/products/stay-ready-multivitamin","https://www.pureformen.in/fr-ca/collections/free-gift-with-subscription/products/stay-ready-multivitamin"
0,1,"/fr-ca/collections/lifestyle/products/bidet","https://www.pureformen.in/fr-ca/collections/lifestyle/products/bidet"
0,1,"/fr-ca/collections/sales-and-discounts/products/bidet","https://www.pureformen.in/fr-ca/collections/sales-and-discounts/products/bidet"
0,1,"/fr-ca/collections/sales-and-discounts/products/healthy-you-bundle","https://www.pureformen.in/fr-ca/collections/sales-and-discounts/products/healthy-you-bundle"
0,1,"/fr-ca/collections/sales-and-discounts/products/new-you-bundle","https://www.pureformen.in/fr-ca/collections/sales-and-discounts/products/new-you-bundle"
0,1,"/fr-ca/collections/sales-and-discounts/products/stay-ready-fiber-capsules-pack","https://www.pureformen.in/fr-ca/collections/sales-and-discounts/products/stay-ready-fiber-capsules-pack"
0,3,"/fr-ca/collections/sex/products/bum-balm","https://www.pureformen.in/fr-ca/collections/sex/products/bum-balm"
0,2,"/fr-ca/collections/sex/products/bum-bulb","https://www.pureformen.in/fr-ca/collections/sex/products/bum-bulb"
0,2,"/fr-ca/collections/sex/products/lube-silicone-based","https://www.pureformen.in/fr-ca/collections/sex/products/lube-silicone-based"
0,2,"/fr-ca/collections/sex/products/lube-water-based","https://www.pureformen.in/fr-ca/collections/sex/products/lube-water-based"
0,2,"/fr-ca/collections/sex/products/stay-ready-fiber-capsules-2","https://www.pureformen.in/fr-ca/collections/sex/products/stay-ready-fiber-capsules-2"
0,2,"/fr-ca/collections/sex/products/stay-ready-fiber-powder","https://www.pureformen.in/fr-ca/collections/sex/products/stay-ready-fiber-powder"
0,1,"/fr-ca/collections/sex/products/stay-ready-wipes","https://www.pureformen.in/fr-ca/collections/sex/products/stay-ready-wipes"
0,1,"/fr-ca/collections/subscription-products/products/bum-balm","https://www.pureformen.in/fr-ca/collections/subscription-products/products/bum-balm"
0,1,"/fr-ca/collections/subscription-products/products/lube-silicone-based","https://www.pureformen.in/fr-ca/collections/subscription-products/products/lube-silicone-based"
0,1,"/fr-ca/collections/subscription-products/products/lube-water-based","https://www.pureformen.in/fr-ca/collections/subscription-products/products/lube-water-based"
0,1,"/fr-ca/collections/subscription-products/products/pure-for-her","https://www.pureformen.in/fr-ca/collections/subscription-products/products/pure-for-her"
0,1,"/fr-ca/collections/subscription-products/products/reset","https://www.pureformen.in/fr-ca/collections/subscription-products/products/reset"
0,1,"/fr-ca/collections/subscription-products/products/stay-ready-bar","https://www.pureformen.in/fr-ca/collections/subscription-products/products/stay-ready-bar"
0,1,"/fr-ca/collections/subscription-products/products/stay-ready-fiber-capsules-pack","https://www.pureformen.in/fr-ca/collections/subscription-products/products/stay-ready-fiber-capsules-pack"
0,1,"/fr-ca/collections/subscription-products/products/stay-ready-fiber-powder","https://www.pureformen.in/fr-ca/collections/subscription-products/products/stay-ready-fiber-powder"
0,1,"/fr-ca/collections/subscription-products/products/stay-ready-scrub-2","https://www.pureformen.in/fr-ca/collections/subscription-products/products/stay-ready-scrub-2"
0,1,"/fr-ca/collections/subscription-products/products/stay-ready-wipes","https://www.pureformen.in/fr-ca/collections/subscription-products/products/stay-ready-wipes"
0,1,"/fr-ca/collections/supplements/products/healthy-you-bundle","https://www.pureformen.in/fr-ca/collections/supplements/products/healthy-you-bundle"
0,1,"/fr-ca/collections/supplements/products/new-you-bundle","https://www.pureformen.in/fr-ca/collections/supplements/products/new-you-bundle"
0,1,"/fr-ca/collections/supplements/products/pure-for-her","https://www.pureformen.in/fr-ca/collections/supplements/products/pure-for-her"
0,1,"/fr-ca/collections/supplements/products/reset","https://www.pureformen.in/fr-ca/collections/supplements/products/reset"
0,1,"/fr-ca/collections/supplements/products/stay-ready-fiber-powder","https://www.pureformen.in/fr-ca/collections/supplements/products/stay-ready-fiber-powder"
0,4,"/fr-ca/products/bidet","https://www.pureformen.in/fr-ca/products/bidet"
0,1,"/fr-ca/products/bum-balm","https://www.pureformen.in/fr-ca/products/bum-balm"
0,2,"/fr-ca/products/bundle-top-products","https://www.pureformen.in/fr-ca/products/bundle-top-products"
0,1,"/fr-ca/products/healthy-you-bundle","https://www.pureformen.in/fr-ca/products/healthy-you-bundle"
0,1,"/fr-ca/products/lube-coconut-based","https://www.pureformen.in/fr-ca/products/lube-coconut-based"
0,1,"/fr-ca/products/lube-silicone-based","https://www.pureformen.in/fr-ca/products/lube-silicone-based"
0,1,"/fr-ca/products/lube-water-based","https://www.pureformen.in/fr-ca/products/lube-water-based"
0,2,"/fr-ca/products/new-you-bundle","https://www.pureformen.in/fr-ca/products/new-you-bundle"
0,1,"/fr-ca/products/pure-for-her","https://www.pureformen.in/fr-ca/products/pure-for-her"
0,1,"/fr-ca/products/reset","https://www.pureformen.in/fr-ca/products/reset"
0,1,"/fr-ca/products/stay-ready-bar","https://www.pureformen.in/fr-ca/products/stay-ready-bar"
0,2,"/fr-ca/products/stay-ready-fibre-bundles","https://www.pureformen.in/fr-ca/products/stay-ready-fibre-bundles"
0,1,"/fr-ca/products/stay-ready-multivitamin","https://www.pureformen.in/fr-ca/products/stay-ready-multivitamin"
0,1,"/fr-ca/products/stay-ready-scrub-2","https://www.pureformen.in/fr-ca/products/stay-ready-scrub-2"
0,1,"/fr-ca/products/stay-ready-wipes","https://www.pureformen.in/fr-ca/products/stay-ready-wipes"
0,1,"/fr-ca/products/vitamin-c-serum","https://www.pureformen.in/fr-ca/products/vitamin-c-serum"
0,1,"/products/6-for-1200-paquete-navideno","https://www.pureformen.in/products/6-for-1200-paquete-navideno"
0,1,"/products/bath-fizz","https://www.pureformen.in/products/bath-fizz"
0,1,"/products/beauty-multi","https://www.pureformen.in/products/beauty-multi"
0,1,"/products/c3RheS1yZW","https://www.pureformen.in/products/c3RheS1yZW"
0,1,"/products/copy-of-pure-for-men-60-capsulas-reduced-price","https://www.pureformen.in/products/copy-of-pure-for-men-60-capsulas-reduced-price"
0,2,"/products/ecocart","https://www.pureformen.in/products/ecocart"
0,1,"/products/facial-cream","https://www.pureformen.in/products/facial-cream"
0,1,"/products/facial-toner","https://www.pureformen.in/products/facial-toner"
0,1,"/products/holiday-gift-set","https://www.pureformen.in/products/holiday-gift-set"
0,2,"/products/new-you-bundle-copy","https://www.pureformen.in/products/new-you-bundle-copy"
0,1,"/products/pure-for-men-120-capsulas","https://www.pureformen.in/products/pure-for-men-120-capsulas"
0,24,"/products/pure-for-men-60-capsulas","https://www.pureformen.in/products/pure-for-men-60-capsulas"
0,1,"/products/silicone-based-lube","https://www.pureformen.in/products/silicone-based-lube"
0,5,"/products/stay-ready-=","https://www.pureformen.in/products/stay-ready-="
0,1,"/products/stay-ready-backpack","https://www.pureformen.in/products/stay-ready-backpack"
0,1,"/products/stay-ready-fiber-edge-promo","https://www.pureformen.in/products/stay-ready-fiber-edge-promo"
0,1,"/products/stay-ready-fiber-odor-defense-copia","https://www.pureformen.in/products/stay-ready-fiber-odor-defense-copia"
0,1,"/products/stay-ready-fibre-bundles","https://www.pureformen.in/products/stay-ready-fibre-bundles"
0,1,"/products/travel-bag","https://www.pureformen.in/products/travel-bag"
0,4,"/products/vit=","https://www.pureformen.in/products/vit="
0,1,"/products/water-based-lube","https://www.pureformen.in/products/water-based-lube"
